date,Strategy Returns
2021-01-19,0.0
2021-01-20,0.0
2021-01-21,0.0
2021-01-22,0.0
2021-01-25,0.0
2021-01-26,0.0
2021-01-27,0.0
2021-01-28,0.0
2021-01-29,0.0
2021-02-01,-0.0009999999999999998
2021-02-02,0.0026205062670723867
2021-02-03,0.0038371966295332282
2021-02-04,0.002409399598810332
2021-02-05,0.003920581923472924
2021-02-08,0.004942641083466148
2021-02-09,0.0027194817071440887
2021-02-10,0.0010320744094092593
2021-02-11,-0.0009282715519470425
2021-02-12,0.001979298570230603
2021-02-16,0.007880869489722164
2021-02-17,0.0034514193310281414
2021-02-18,-0.009425881977537779
2021-02-19,0.006474444775727266
2021-02-22,0.01262823391796151
2021-02-23,-0.002475523210023293
2021-02-24,0.00397082647407863
2021-02-25,0.011483846921039818
2021-02-26,-0.016177447763332554
2021-03-01,-0.008577194379569756
2021-03-02,0.005920783575307527
2021-03-03,0.010454164703303183
2021-03-04,-0.0012358733154737758
2021-03-05,-0.0008863269390185042
2021-03-08,0.01466606687347623
2021-03-09,-0.017255933518224496
2021-03-10,0.01218323940833993
2021-03-11,-0.01012145786263661
2021-03-12,0.008499207035548389
2021-03-15,-0.0038239241974243323
2021-03-16,-0.0057910029851667155
2021-03-17,-0.0011111436475094902
2021-03-18,0.01540100772723844
2021-03-19,-0.002453726173706668
2021-03-22,-0.013953482572827634
2021-03-23,-0.0012475043640140702
2021-03-24,0.009380546023980028
2021-03-25,0.007042062330935109
2021-03-26,0.003071437501212267
2021-03-29,-0.00023659670718750815
2021-03-30,0.00535203421564299
2021-03-31,-0.012211808560499412
2021-04-01,-0.007181889002766728
2021-04-05,-0.00832959619094542
2021-04-06,0.0013421422963350582
2021-04-07,0.002972875329005363
2021-04-08,-0.009464400764853793
2021-04-09,-0.004463834643596769
2021-04-12,-0.0014287579554723888
2021-04-13,-0.02147372807008206
2021-04-14,0.008846257374492886
2021-04-15,-0.004903183879523784
2021-04-16,0.0009330598294848093
2021-04-19,0.0022005753576864926
2021-04-20,0.009456028045298066
2021-04-21,-0.007868955580213664
2021-04-22,0.006419912487096112
2021-04-23,-0.009719229403238178
2021-04-26,-0.003222648433035528
2021-04-27,0.00861555295516886
2021-04-28,0.0042581867104504
2021-04-29,0.017187026434967702
2021-04-30,-0.006114818454914145
2021-05-03,-0.007578024863632165
2021-05-04,-0.008401042073060324
2021-05-05,-0.0018439210568094533
2021-05-06,-0.006829767408790265
2021-05-07,0.0042141009764531945
2021-05-10,-0.010678168212777986
2021-05-11,0.0026728378760809135
2021-05-12,-0.0046635082548402065
2021-05-13,-0.01462826031985372
2021-05-14,0.001944520955849256
2021-05-17,-0.0019173058342762035
2021-05-18,-0.0002357561701926687
2021-05-19,-0.005544892961844349
2021-05-20,0.010797439269990569
2021-05-21,-0.0002627070232026907
2021-05-24,0.004213974311215897
2021-05-25,-0.0014345691139102481
2021-05-26,0.003001479731120193
2021-05-27,-0.005146283952812284
2021-05-28,0.007722174788075242
2021-06-01,-0.007283768003559916
2021-06-02,0.003285671251563279
2021-06-03,0.004096985422826642
2021-06-04,-0.012084907677498072
2021-06-07,-0.0034729671892296246
2021-06-08,0.007866602437824518
2021-06-09,0.010598904496003923
2021-06-10,0.0008856344649576154
2021-06-11,-0.003943940045897876
2021-06-14,0.002704663259980866
2021-06-15,0.008696504623122122
2021-06-16,0.005725578208537381
2021-06-17,-0.0023232997025723155
2021-06-18,0.005281099275439535
2021-06-21,-0.0007352318864629246
2021-06-22,-0.003340132989987958
2021-06-23,-0.012064573971903378
2021-06-24,-0.012990362127529352
2021-06-25,-0.0021868004082840615
2021-06-28,-0.01302066061517032
2021-06-29,0.008659310508639623
2021-06-30,-0.003206708018186546
2021-07-01,-0.00020607491469541283
2021-07-02,0.0054876276894379825
2021-07-06,0.013503718502469952
2021-07-07,0.0026705369628269864
2021-07-08,0.0025426508580221143
2021-07-09,-0.010677333831315455
2021-07-12,-0.008749892873605095
2021-07-13,0.002742889633469099
2021-07-14,-0.0010071974782860555
2021-07-15,-0.008431169468035312
2021-07-16,-0.000605289791432595
2021-07-19,0.016100634608090806
2021-07-20,-0.1
2021-07-21,0.005463536442909552
2021-07-22,0.005712557962246438
2021-07-23,-0.011948520075057107
2021-07-26,-0.008564908308988426
2021-07-27,0.005949309598979916
2021-07-28,-0.003820685603298419
2021-07-29,-0.0030284075006299363
2021-07-30,-0.014375443424597697
2021-08-02,-0.0007736877095763458
2021-08-03,0.006077384403100591
2021-08-04,-0.010197654885768143
2021-08-05,-0.00486087735119863
2021-08-06,0.008055244173133597
2021-08-09,-0.004349426703254223
2021-08-10,2.353599619048241e-05
2021-08-11,0.003360611726949495
2021-08-12,0.0012443646542163458
2021-08-13,-0.0019776850498310714
2021-08-16,0.009471497816176934
2021-08-17,0.009555831881752018
2021-08-18,-0.008921134428680439
2021-08-19,-0.0010855392744789452
2021-08-20,-0.008001173137713903
2021-08-23,-0.013701695463302114
2021-08-24,-0.00021560362199514915
2021-08-25,-0.005933583666817066
2021-08-26,0.006092467281563262
2021-08-27,-0.008480419626220186
2021-08-30,-0.001604521636970559
2021-08-31,-0.0008482644365028018
2021-09-01,-0.0013757737699640982
2021-09-02,0.005629859360418358
2021-09-03,0.0019757015043245967
2021-09-07,-0.015675906463754292
2021-09-08,0.0016382494487381387
2021-09-09,-0.008086792571461571
2021-09-10,0.00948217693703357
2021-09-13,-0.0046755648086400274
2021-09-14,-0.001882080758851379
2021-09-15,0.0022452063601090346
2021-09-16,0.001696925792995426
2021-09-17,0.0015305499072905686
2021-09-20,-0.005878061683385153
2021-09-21,-0.0020708963457037135
2021-09-22,0.011114976241239121
2021-09-23,0.009161774074189203
2021-09-24,-0.009982620669116036
2021-09-27,-0.0061184845110151724
2021-09-28,-0.001980202399488391
2021-09-29,-0.00045590214297343734
2021-09-30,-0.0030936542690193996
2021-10-01,-0.0030522454775252505
2021-10-04,0.011251325050275447
2021-10-05,-0.006483559002894417
2021-10-06,0.0007816889205801325
2021-10-07,0.0009130560344733727
2021-10-08,0.00250698318924412
2021-10-11,-0.003673386627054335
2021-10-12,-0.0022054995520494614
2021-10-13,-0.004501109642707243
2021-10-14,-0.007925297631765083
2021-10-15,0.006050044943557299
2021-10-18,-0.01356560824973372
2021-10-19,0.00509855529374037
2021-10-20,0.003674574451713615
2021-10-21,-0.008770446504172913
2021-10-22,0.009822275532687552
2021-10-25,-0.026053286971278435
2021-10-26,-0.002044945448259247
2021-10-27,-0.006262574240130047
2021-10-28,-0.009974655787705934
2021-10-29,-0.012074047809617646
2021-11-01,-0.0171068933944511
2021-11-02,-0.010188932401623423
2021-11-03,0.0031286707228871022
2021-11-04,-0.01937775576536449
2021-11-05,-0.004794377567696387
2021-11-08,-0.014525614276880485
2021-11-09,-0.014240374628056789
2021-11-10,0.022481824299600696
2021-11-11,-0.008258150087539735
2021-11-12,-0.016328175267709206
2021-11-15,-0.005718456877582988
2021-11-16,-0.0006978542153130442
2021-11-17,0.007616455401441255
2021-11-18,-0.013432573380242839
2021-11-19,-0.010124844489548293
2021-11-22,0.012587648337446578
2021-11-23,0.003836708195032381
2021-11-24,-0.007677058959991452
2021-11-26,0.007094295973325447
2021-11-29,-0.015009795558974541
2021-11-30,0.0011929402097971198
2021-12-01,0.003984400577999276
2021-12-02,0.00454005150552983
2021-12-03,0.011142028235124371
2021-12-06,-0.00580776286123182
2021-12-07,-0.004484689170259461
2021-12-08,-0.017274639032767287
2021-12-09,0.006661337391103398
2021-12-10,-0.0134661244676181
2021-12-13,0.0035220210773678597
2021-12-14,0.015960015055691425
2021-12-15,-0.0007002426933665306
2021-12-16,0.011386687578401167
2021-12-17,-0.011720224332078552
2021-12-20,0.007185161151472552
2021-12-21,-0.007072236458340654
2021-12-22,-0.015548701132566548
2021-12-23,-0.012007643382134243
2021-12-27,-0.008610485499229822
2021-12-28,0.004917622761952104
2021-12-29,-0.0006430428786823688
2021-12-30,0.002974540990337615
2021-12-31,0.00679756829635488
2022-01-03,-0.02358709556411435
2022-01-04,0.01821213180309141
2022-01-05,0.039297562792657434
2022-01-06,-0.00039017625305883485
2022-01-07,0.01716507249662467
2022-01-10,-0.008357312659854824
2022-01-11,-0.009256435231860297
2022-01-12,-0.012785998061042747
2022-01-13,0.033803330617139984
2022-01-14,-0.023530897977089123
2022-01-18,0.01378016360827631
2022-01-19,0.010290183125876649
2022-01-20,0.0016397243812426576
2022-01-21,0.01563951815256189
2022-01-24,-0.000373256171323277
2022-01-25,0.02313322528294931
2022-01-26,-0.012101985073205812
2022-01-27,0.024613122020222554
2022-01-28,-0.02629131027465485
2022-01-31,-0.03278602168400798
2022-02-01,0.005732147146671232
2022-02-02,0.007030448679382295
2022-02-03,0.044705345810379195
2022-02-04,0.013836260899703301
2022-02-07,0.005986126496821934
2022-02-08,0.0006918865535832653
2022-02-09,-0.023673618472979257
2022-02-10,0.011481431935194445
2022-02-11,0.01798065479922469
2022-02-14,-0.005842023715167899
2022-02-15,-0.026204143051061113
2022-02-16,0.006090245330840719
2022-02-17,0.028207008176224548
2022-02-18,0.005953601972943423
2022-02-22,0.007259786945476798
2022-02-23,0.01649643196083235
2022-02-24,-0.03140925745970842
2022-02-25,0.008640314222289058
2022-02-28,-0.02562081045885933
2022-03-01,0.015415320403469842
2022-03-02,-0.014343348766927331
2022-03-03,0.028471016133757632
2022-03-04,0.020086670329662288
2022-03-07,0.050211493441653585
2022-03-08,-0.011314332741668005
2022-03-09,-0.04338322564012446
2022-03-10,0.009889982570116713
2022-03-11,0.026314037524963897
2022-03-14,0.03485337256070745
2022-03-15,-0.038283870081585146
2022-03-16,-0.044456070110156655
2022-03-17,-0.014355644577634701
2022-03-18,-0.03969070165470022
2022-03-21,-0.0027404389950997548
2022-03-22,-0.02798704118592747
2022-03-23,0.005621987271052193
2022-03-24,-0.031185746510535326
2022-03-25,0.0036655319812653833
2022-03-28,-0.02400743768900004
2022-03-29,-0.01402096895107239
2022-03-30,0.017446575800985704
2022-03-31,0.012285054078192338
2022-04-01,0.0015956131197224872
2022-04-04,-0.00406348072373214
2022-04-05,0.009154812220602014
2022-04-06,0.014208900222374476
2022-04-07,0.0008103894326630576
2022-04-08,0.015600358375927544
2022-04-11,0.016824241746936457
2022-04-12,0.0043601070976490575
2022-04-13,-0.021890125170449578
2022-04-14,0.012855697901074938
2022-04-18,-0.0007127399466052191
2022-04-19,-0.001452910935062317
2022-04-20,-0.010193921912267902
2022-04-21,0.01757841877795215
2022-04-22,0.018098552179121152
2022-04-25,-0.009870116502328904
2022-04-26,0.005329825893924852
2022-04-27,-0.004800065273180628
2022-04-28,-0.0072733622649721625
2022-04-29,0.04288462494293067
2022-05-02,-0.0026378019001276516
2022-05-03,0.004781689677549217
2022-05-04,-0.011389341777872911
2022-05-05,0.034784678267924675
2022-05-06,0.012764119435612212
2022-05-09,0.03780736549930746
2022-05-10,-0.009974966944546637
2022-05-11,0.031278563495840905
2022-05-12,0.000644362666617974
2022-05-13,-0.03510266953593264
2022-05-16,0.01156140819518279
2022-05-17,0.002588904989258161
2022-05-18,0.04054460236373702
2022-05-19,-0.0063616568996348235
2022-05-20,0.01230551310748253
2022-05-23,0.006108858121341543
2022-05-24,0.028236801323619345
2022-05-25,-0.0246128011144339
2022-05-26,-0.030735321311941635
2022-05-27,-0.020558005454017973
2022-05-31,-0.002845422878214709
2022-06-01,0.008547644302403715
2022-06-02,-0.027280134618237986
2022-06-03,0.02558106573358145
2022-06-06,0.15687459360893088
2022-06-07,0.004869706075893228
2022-06-08,0.00029533997580995686
2022-06-09,0.01348493702487478
2022-06-10,0.01802580290381878
2022-06-13,0.03472276716622359
2022-06-14,-0.008585682414633533
2022-06-15,-0.02383631303077134
2022-06-16,0.02584473460419223
2022-06-17,-0.009064764960527289
2022-06-21,-0.009480725113611237
2022-06-22,0.006991966418557889
2022-06-23,-0.007548104564523168
2022-06-24,-0.02054782459706065
2022-06-27,0.0050221611778856565
2022-06-28,0.025963816090255977
2022-06-29,0.0010084768478486241
2022-06-30,0.005090438858443921
2022-07-01,-0.01621270016149645
2022-07-05,0.008291391661256383
2022-07-06,0.002135714458696018
2022-07-07,0.010796372081191366
2022-07-08,-0.002963745958597404
2022-07-11,-0.006592029700437671
2022-07-12,0.012894748814431811
2022-07-13,-0.008780886364926521
2022-07-14,-0.012769201739787404
2022-07-15,0.011511445643932916
2022-07-18,-0.1
2022-07-19,0.02160824051946525
2022-07-20,0.007315266507828213
2022-07-21,-0.016839813131573456
2022-07-22,-0.025860738172200654
2022-07-25,-0.001621175180535635
2022-07-26,0.010368525832908591
2022-07-27,0.008535588322235037
2022-07-28,-0.020578470265685947
2022-07-29,-0.023475007139198516
2022-08-01,-0.0010548348644466104
2022-08-02,-0.004182818465164735
2022-08-03,0.015485258855467863
2022-08-04,0.013524059059558058
2022-08-05,0.008990480628667658
2022-08-08,-0.011530939212976337
2022-08-09,-0.00642591401668252
2022-08-10,0.01840337668132267
2022-08-11,0.006484072040480829
2022-08-12,0.0038708189630144974
2022-08-15,-0.0035608386200544438
2022-08-16,-0.006906053866077511
2022-08-17,-0.007174071531301709
2022-08-18,0.004115834584652681
2022-08-19,-0.016258451793599894
2022-08-22,-0.007531893678462392
2022-08-23,-0.0022866527031475768
2022-08-24,0.003173713286449553
2022-08-25,0.12554532837372323
2022-08-26,-0.013929233763151767
2022-08-29,-0.0065791386532723095
2022-08-30,-0.002097871214003251
2022-08-31,0.0001254329099832003
2022-09-01,-0.011997660112660364
2022-09-02,-0.008091185264972099
2022-09-06,-0.005109361597581203
2022-09-07,-0.004662683928252346
2022-09-08,0.006065986103595266
2022-09-09,0.005689344394231595
2022-09-12,0.0024520527529709084
2022-09-13,-0.028710263038402642
2022-09-14,-0.006015882703628441
2022-09-15,-0.0019531348727188274
2022-09-16,0.0033770826417747753
2022-09-19,0.0020184315267835476
2022-09-20,-0.0005640497498142579
2022-09-21,-0.004949104473788452
2022-09-22,0.0021977888355286437
2022-09-23,0.00855680463002693
2022-09-26,-0.01624957803717954
2022-09-27,-0.003272361345838951
2022-09-28,0.004037796809112298
2022-09-29,-0.00684344847289042
2022-09-30,-0.003994944679020155
2022-10-03,0.008266901046480351
2022-10-04,-0.010124244922193288
2022-10-05,0.0054931604321880965
2022-10-06,-0.0041326661715924695
2022-10-07,0.027374215266544745
2022-10-10,0.0024591376366005875
2022-10-11,0.004649724080257267
2022-10-12,0.0043637988459782435
2022-10-13,0.006478293082269198
2022-10-14,0.034844078352855246
2022-10-17,-0.02833565558230133
2022-10-18,-0.0028608316384069283
2022-10-19,-0.004781493252053606
2022-10-20,0.009091726147233227
2022-10-21,0.002374979297529352
2022-10-24,0.0033493848260027033
2022-10-25,-0.026940935457594906
2022-10-26,0.020277732259005497
2022-10-27,0.04137521787396735
2022-10-28,0.012620984232895515
2022-10-31,0.013110899687937364
2022-11-01,-0.005209986006896576
2022-11-02,0.008030121328634622
2022-11-03,-0.012360348093707728
2022-11-04,0.006534149863542912
2022-11-07,0.006371383010897144
2022-11-08,0.0055552481373306595
2022-11-09,0.008552526677201817
2022-11-10,-0.027048612429258483
2022-11-11,-0.014128213474073632
2022-11-14,0.005876343942810003
2022-11-15,-0.016359245215513626
2022-11-16,0.021738344501665802
2022-11-17,0.014781468223833175
2022-11-18,0.005048929500484984
2022-11-21,0.010229913252079798
2022-11-22,-0.003875826628155849
2022-11-23,-0.014596523062764082
2022-11-25,0.00013328134269839187
2022-11-28,-0.006500648242084109
2022-11-29,0.0017160128867797504
2022-11-30,-0.015810494221852302
2022-12-01,0.00013230276081510595
2022-12-02,-0.003800714940120594
2022-12-05,-0.0016134018063702613
2022-12-06,-0.020536759307163217
2022-12-07,0.001310090791684463
2022-12-08,0.01691531683656459
2022-12-09,-0.0049687537822072515
2022-12-12,0.012972333250759414
2022-12-13,0.02491655691851955
2022-12-14,-0.0031930450927450207
2022-12-15,-0.03129802068029554
2022-12-16,0.01073846158017951
2022-12-19,-0.017283547491337495
2022-12-20,0.01525662111544479
2022-12-21,0.013344418770006656
2022-12-22,-0.008753850422476965
2022-12-23,0.0076711399551234365
2022-12-27,-0.002765560491651236
2022-12-28,-0.01222655441276001
2022-12-29,0.008674104611936257
2022-12-30,0.0012164342350932111
2023-01-03,0.01899979089402365
2023-01-04,-0.011439054938682393
2023-01-05,0.0059361244990838525
2023-01-06,0.003135875705439939
2023-01-09,-0.013425898192123253
2023-01-10,0.0005589248091671195
2023-01-11,0.010002499955693151
2023-01-12,-0.013828461905929085
2023-01-13,0.010603006159534283
2023-01-17,-0.025221404971082807
2023-01-18,0.003681959878557295
2023-01-19,0.002896573234915712
2023-01-20,-0.007072535672735877
2023-01-23,-0.018849269494194666
2023-01-24,-0.0022529443068806847
2023-01-25,-0.002933181513980106
2023-01-26,-0.02288145338635513
2023-01-27,-0.015354554347700021
2023-01-30,0.02242039157602438
2023-01-31,-0.006225411735284566
2023-02-01,-0.008449043682140963
2023-02-02,-0.04021009886176181
2023-02-03,0.019912084589639056
2023-02-06,-0.0017659055074886923
2023-02-07,-0.009433166344805899
2023-02-08,-0.0007034102423416049
2023-02-09,0.007390113394361778
2023-02-10,0.00655533346561667
2023-02-13,-0.01500605178378106
2023-02-14,0.00010032008355096762
2023-02-15,0.011023539390250154
2023-02-16,0.004225699979892269
2023-02-17,0.014607318688591017
2023-02-21,-0.00167743669224396
2023-02-22,-0.0005109941329707888
2023-02-23,-0.0301794161574269
2023-02-24,-0.00149965986260997
2023-02-27,0.0070362697358924055
2023-02-28,-0.009180030792029151
2023-03-01,-0.0007480629972914277
2023-03-02,-0.012319837331090561
2023-03-03,-0.00885868833380839
2023-03-06,0.005429668474092856
2023-03-07,-0.002944932930397142
2023-03-08,-0.013739710497504092
2023-03-09,0.008785605456614276
2023-03-10,0.0028029153077031395
2023-03-13,0.0065541541384043405
2023-03-14,-0.016911191696325267
2023-03-15,0.0005900284591722768
2023-03-16,-0.020970841666255364
2023-03-17,0.009316327673021357
2023-03-20,0.002592420351924733
2023-03-21,-0.005693236139774384
2023-03-22,-0.001837590890900076
2023-03-23,-0.004628420351896219
2023-03-24,0.009482309541842777
2023-03-27,0.0043774652284432145
2023-03-28,-0.00017471956429091873
2023-03-29,-0.0006073437594110351
2023-03-30,0.0006800684922823781
2023-03-31,0.0030670374247507124
2023-04-03,0.01126483225531122
2023-04-04,0.010404545827057948
2023-04-05,0.017249272639321373
2023-04-06,0.00960717537776277
2023-04-10,-0.0067776551534367005
2023-04-11,-0.0012140273712227811
2023-04-12,0.013787101191244266
2023-04-13,-0.003670110286348541
2023-04-14,-0.011638893662779353
2023-04-17,-0.011280708795664061
2023-04-18,-0.012435008042797253
2023-04-19,-0.003177882819153155
2023-04-20,0.021820783369343916
2023-04-21,-0.007237500529793419
2023-04-24,0.002020605734875891
2023-04-25,0.009404109465802687
2023-04-26,0.013161180913909056
2023-04-27,0.011342777611523249
2023-04-28,-0.00022203638643564206
2023-05-01,-0.0035064455859026835
2023-05-02,-0.0031741832361602
2023-05-03,-0.004027684060962341
2023-05-04,-0.005446492834316844
2023-05-05,-0.023119979598810382
2023-05-08,0.0013220421606968307
2023-05-09,0.004795370424225971
2023-05-10,-0.0045638116185343445
2023-05-11,0.004791213794362464
2023-05-12,0.007239938295115562
2023-05-15,-0.0021749284563372475
2023-05-16,-0.005574106788951963
2023-05-17,-0.008854417896029032
2023-05-18,-0.011053043496890477
2023-05-19,-0.0007728957070110932
2023-05-22,-0.00646038949660351
2023-05-23,0.00447553780595931
2023-05-24,-0.0017258388759602656
2023-05-25,-0.044836400495442005
2023-05-26,-0.015936242353317975
2023-05-30,-0.015672827802247175
2023-05-31,0.009311122532758564
2023-06-01,-0.0148825767238831
2023-06-02,0.011814101317026147
2023-06-05,0.00651231312140212
2023-06-06,0.006770900375414223
2023-06-07,0.021601750070080524
2023-06-08,-0.0014860872837506403
2023-06-09,0.006569706438313561
2023-06-12,-0.009726309096883861
2023-06-13,0.00198366866033441
2023-06-14,-0.010596949644006147
2023-06-15,-0.005556153987215559
2023-06-16,0.0055276989353827966
2023-06-20,0.0011847853096431853
2023-06-21,-0.003832612421443115
2023-06-22,-0.007914438035996469
2023-06-23,-0.0029194584648216857
2023-06-26,0.0017354737901022481
2023-06-27,-0.01281426431466352
2023-06-28,0.00899242961988217
2023-06-29,0.010143969906862763
2023-06-30,-0.008875162612552388
2023-07-03,0.0121711807683826
2023-07-05,0.001956154609757177
2023-07-06,-0.003578076293509239
2023-07-07,-0.009358875838578676
2023-07-10,0.0007872598602060015
2023-07-11,-0.007954438936292255
2023-07-12,-0.015617805051417038
2023-07-13,-0.007440277039829135
2023-07-14,0.006340836072648255
2023-07-17,-0.0066541818473810355
2023-07-18,-0.01007905136451622
2023-07-19,-0.007393140376936871
2023-07-20,0.015870168994350193
2023-07-21,0.014784830989765388
2023-07-24,0.007007640754079133
2023-07-25,-0.008658969289887167
2023-07-26,0.014248795065611348
2023-07-27,-0.007642876103573356
2023-07-28,-0.010019653620713036
2023-07-31,-0.00625371886590307
2023-08-01,0.01159151867747682
2023-08-02,0.0017114086485758868
2023-08-03,-0.003553882953442795
2023-08-04,-0.004122197776217121
2023-08-07,0.00937872990202715
2023-08-08,-0.0025850573927141407
2023-08-09,-0.00018741836609940542
2023-08-10,-0.004148303839708174
2023-08-11,-0.00527222029484592
2023-08-14,0.009472030826263411
2023-08-15,0.012190448208693564
2023-08-16,0.004181448793046567
2023-08-17,-0.0011218571978578997
2023-08-18,0.005571296615041261
2023-08-21,-0.0016231320738692339
2023-08-22,-0.007112377708879735
2023-08-23,-0.0020928281545479566
2023-08-24,0.008738133708702077
2023-08-25,-0.01106742934174382
2023-08-28,0.0015817924828136118
2023-08-29,-0.009331849891507519
2023-08-30,-0.0033362466685992187
2023-08-31,-0.004282833728037986
2023-09-01,0.005233192554547128
2023-09-05,-0.006926327348691863
2023-09-06,0.0036738991288574607
2023-09-07,-0.004370031419785739
2023-09-08,0.00016034585793887435
2023-09-11,-0.027147997726876854
2023-09-12,0.012607956055308693
2023-09-13,-0.0033456141955849335
2023-09-14,-0.00561821847503352
2023-09-15,0.001094110826107626
2023-09-18,0.0032759220647283764
2023-09-19,-0.0025287004621252205
2023-09-20,0.007334792218499141
2023-09-21,0.01347560698595553
2023-09-22,0.00271334944361364
2023-09-25,-0.004951927279009097
2023-09-26,0.010325295475614208
2023-09-27,0.004411903916244593
2023-09-28,-0.006200433709858361
2023-09-29,0.000549873042525924
2023-10-02,-0.008824965767472768
2023-10-03,0.016490233216041556
2023-10-04,-0.020369432815646252
2023-10-05,0.0024775702713608627
2023-10-06,-0.008316932566209894
2023-10-09,0.0004497147280450955
2023-10-10,-0.008664007244344185
2023-10-11,-0.014058070755303003
2023-10-12,0.0027569819576335934
2023-10-13,0.02238127024570167
2023-10-16,-0.01152066558757401
2023-10-17,0.005390869215679604
2023-10-18,0.019228618595271363
2023-10-19,0.018575532819422095
2023-10-20,0.01824045895507313
2023-10-23,-0.01747006737896341
2023-10-24,-0.012942270316373312
2023-10-25,0.049762095682241395
2023-10-26,0.020623664405803876
2023-10-27,-0.027588677283892655
2023-10-30,-0.00407993587350408
2023-10-31,0.0020684334669217783
2023-11-01,-0.01843990074587631
2023-11-02,-0.008625178642254558
2023-11-03,-0.006364347917142298
2023-11-06,-0.0001022460656652601
2023-11-07,-0.006472390567279846
2023-11-08,0.0007219826013634318
2023-11-09,0.006167082258732175
2023-11-10,-0.01164649448926843
2023-11-13,-0.011058377767191577
2023-11-14,-0.015927832378761737
2023-11-15,0.00314023517739459
2023-11-16,0.02244460292398794
2023-11-17,-0.002005130379639841
2023-11-20,-0.0037152512441841106
2023-11-21,-0.0015340853506869427
2023-11-22,0.005648275430292708
2023-11-24,0.005291048808148014
2023-11-27,-0.0032235447439177825
2023-11-28,-0.007254381156135858
2023-11-29,0.008944418190372802
2023-11-30,0.017995759406883693
2023-12-01,0.009404388930026856
2023-12-04,0.004082116430371485
2023-12-05,0.002497316570582848
2023-12-06,-0.00025387703787584635
2023-12-07,-0.008456382620293097
2023-12-08,0.004982878903968016
2023-12-11,0.001715117415850823
2023-12-12,-0.002346956596795438
2023-12-13,0.00241033670934084
2023-12-14,0.02236784672970051
2023-12-15,-0.004925488526912103
2023-12-18,-0.013696959561363834
2023-12-19,0.0016456089485833807
2023-12-20,-0.015219928192314231
2023-12-21,0.0013574930675112249
2023-12-22,-0.005125976935506778
2023-12-26,0.004975908205979521
2023-12-27,0.003631272120907284
2023-12-28,-0.0037272212375324787
2023-12-29,-0.0002110408661535708
2024-01-02,0.002000518204317497
2024-01-03,0.003326178520406324
2024-01-04,0.005895892454021723
2024-01-05,0.0004647346412741855
2024-01-08,-0.0009235142555148084
2024-01-09,0.0009647730216199579
2024-01-10,-0.005708000897849508
2024-01-11,0.003763815279305749
2024-01-12,-0.00012682852051694855
2024-01-16,0.007782246092560101
2024-01-17,0.002587267324719811
2024-01-18,0.0034359910752264264
2024-01-19,0.00017456657570600709
2024-01-22,0.006820502279460868
2024-01-23,-0.001530022435252483
2024-01-24,-0.0020692352543137576
2024-01-25,0.018302337274342082
2024-01-26,-0.004575880720695147
2024-01-29,-0.01129463420004756
2024-01-30,0.007049021615963048
2024-01-31,0.01902647273572666
2024-02-01,-0.008384560217312357
2024-02-02,-0.04731176622830988
2024-02-05,0.023616871297889676
2024-02-06,-0.001822796765560741
2024-02-07,-0.009523458895473735
2024-02-08,-0.00478482264680143
2024-02-09,-0.006795892579925742
2024-02-12,0.008336484190043309
2024-02-13,0.015601084849216311
2024-02-14,-0.012191556574054999
2024-02-15,-0.013239732882857161
2024-02-16,0.004810392100318547
2024-02-20,-0.004664867819278291
2024-02-21,-0.004723202801735438
2024-02-22,0.007076677196761118
2024-02-23,0.004985595738290234
2024-02-26,0.1120354794242976
2024-02-27,-0.0018688039240181145
2024-02-28,-0.0012648881217014088
2024-02-29,-0.007441944859053526
2024-03-01,-0.0005315649561369491
2024-03-04,-0.017701314100367738
2024-03-05,-0.003495366742189549
2024-03-06,-0.005317449456829105
2024-03-07,0.0031466009779089195
2024-03-08,-0.0037108938124806694
2024-03-11,0.01523643031290689
2024-03-12,-0.0020179415103314304
2024-03-13,-0.012212652858723767
2024-03-14,-0.009651139047902916
2024-03-15,0.0061818647081477995
2024-03-18,0.011423350029984826
2024-03-19,-0.003402173039398085
2024-03-20,-3.666725467145948e-05
2024-03-21,-0.014054764467584855
2024-03-22,0.009780754010808726
2024-03-25,0.006844334774756081
2024-03-26,0.004261934053789422
2024-03-27,-0.0005017067696633425
2024-03-28,-0.001575955461638726
2024-04-01,-0.00011489574194421392
2024-04-02,0.006119220855675863
2024-04-03,-0.009764608269423323
2024-04-04,-0.011995923529716918
2024-04-05,-0.002671565815804874
2024-04-08,-0.007102276878284018
2024-04-09,-0.0025523961697071873
2024-04-10,0.002572429980582066
2024-04-11,0.009037526488489895
2024-04-12,0.016328924180626737
2024-04-15,0.008398706557124675
2024-04-16,0.002220204420964082
2024-04-17,0.0014962811652540575
2024-04-18,0.010313829789942535
2024-04-19,-0.006744247364906162
2024-04-22,0.009080374307219068
2024-04-23,-0.0027122223305746465
2024-04-24,-0.02378180672517114
2024-04-25,0.016810576358145368
2024-04-26,0.01839653514584505
2024-04-29,-0.0217843130164694
2024-04-30,0.01196304390399224
2024-05-01,0.008546484481888625
2024-05-02,-0.008552111818250496
2024-05-03,0.0015406060296413438
2024-05-06,-0.01835190733679039
2024-05-07,0.006447946966191886
2024-05-08,0.0008841817981242908
2024-05-09,0.005007256526562864
2024-05-10,0.0027667783650042
2024-05-13,0.002669745227311467
2024-05-14,-0.011748539132280985
2024-05-15,-0.001729415399033929
2024-05-16,0.015427568806504716
2024-05-17,-0.0016189374898926872
2024-05-20,0.005240778070743949
2024-05-21,-0.009468332730448465
2024-05-22,0.009900002604641153
2024-05-23,-0.013235829453173843
2024-05-24,-0.015982253113879297
2024-05-28,-0.015273357685395209
2024-05-29,0.0024390013971629467
2024-05-30,0.0075605957800991
2024-05-31,0.005438410832965294
2024-06-03,0.0010962587177260803
2024-06-04,0.0011096351198073098
2024-06-05,0.00053547188466128
2024-06-06,0.0005693063064279114
2024-06-07,0.004955066472340285
2024-06-10,0.15456782344935613
2024-06-11,0.022957831162480954
2024-06-12,-0.003411476280857288
2024-06-13,-0.014232395332735716
2024-06-14,-0.0023180270111893275
2024-06-17,-0.0030309099980164165
2024-06-18,-0.010117788125495908
2024-06-20,0.007641062948163302
2024-06-21,0.004377556840049905
2024-06-24,0.005743958665915429
2024-06-25,-0.011423690788950022
2024-06-26,0.0007751972017850379
2024-06-27,0.005934057278185042
2024-06-28,-0.012286085085252807
2024-07-01,-0.0019043458231940975
2024-07-02,-0.018662494703471495
2024-07-03,-0.01607248928860907
2024-07-05,0.008862848623432729
2024-07-08,-0.005355781035736435
2024-07-09,-0.01259683223320392
2024-07-10,0.001001930177403909
2024-07-11,0.01936867550322887
2024-07-12,-0.005646243653893137
2024-07-15,-0.005449478374193849
2024-07-16,-0.0030513882818454614
2024-07-17,0.008533705872374564
2024-07-18,0.006851495012918929
2024-07-19,0.010379934504496034
2024-07-22,-0.014078403728675321
2024-07-23,0.00026676576475396575
2024-07-24,0.03095959512650298
2024-07-25,0.002822705311839294
2024-07-26,0.0033842183567991953
2024-07-29,-0.010218367703699455
2024-07-30,0.01770339600912781
2024-07-31,-0.03035212835781407
2024-08-01,0.03980987810327043
2024-08-02,0.03054916590212131
2024-08-05,0.012678796740689873
2024-08-06,-0.007667093110492868
2024-08-07,0.012046109202432431
2024-08-08,-0.01088480487486894
2024-08-09,0.0025830170139209034
2024-08-12,-0.0016686542137009373
2024-08-13,-0.019427130234271048
2024-08-14,0.006836387642067527
2024-08-15,-0.007771018332357046
2024-08-16,-0.009170325566577542
2024-08-19,-0.015827757740868163
2024-08-20,0.007684751258588363
2024-08-21,0.0020590518432723375
2024-08-22,0.015698352360653013
2024-08-23,-0.016158627140401317
2024-08-26,0.007349725737233007
2024-08-27,0.0023355614301052525
2024-08-28,0.007203537015244103
2024-08-29,0.014301889266876904
2024-08-30,-0.013154697330250948
2024-09-03,0.0193650811339862
2024-09-04,-0.009310472250030564
2024-09-05,-3.65835635250944e-05
2024-09-06,0.004848312243096989
2024-09-09,0.0068128626096297835
2024-09-10,0.014054408908789874
2024-09-11,0.019158442628545932
2024-09-12,0.008683514181564931
2024-09-13,0.000364578136413255
2024-09-16,0.00044888375196133686
2024-09-17,-0.0052249251758663675
2024-09-18,-0.004577763363218097
2024-09-19,-0.004703626979676392
2024-09-20,0.003480210505293124
2024-09-23,0.0007633550104861326
2024-09-24,0.001764431425736345
2024-09-25,0.0096216826954571
2024-09-26,-0.004752975297076411
2024-09-27,-0.01415327012941314
2024-09-30,-0.005784765845213498
2024-10-01,0.012447530369288732
2024-10-02,-0.001822492596578463
2024-10-03,-0.0038943627610295763
2024-10-04,-0.01277742512636659
2024-10-07,-0.006829679803282917
2024-10-08,-0.0077648688112449404
2024-10-09,0.0016567582043632285
2024-10-10,0.0006928749906183012
2024-10-11,0.011922261881352795
2024-10-14,-0.005060775985335942
2024-10-15,0.01202841064888225
2024-10-16,-0.006070565194831105
2024-10-17,-0.003966068961982593
2024-10-18,0.0001210532019927567
2024-10-21,-0.006773051540309697
2024-10-22,0.0066711148746826186
2024-10-23,0.014455938035733732
2024-10-24,-0.04095464992634896
2024-10-25,-0.005803576051874796
2024-10-28,0.002667187682454349
2024-10-29,0.0019423822518588683
2024-10-30,0.011845069096777424
2024-10-31,0.00515899011246927
2024-11-01,0.01954971114061227
2024-11-04,0.0030935961523784377
2024-11-05,0.0020499583189648543
2024-11-06,0.004353924412146346
2024-11-07,-0.017523469680349568
2024-11-08,-0.01337158412228321
2024-11-11,-0.018641679751482506
2024-11-12,0.014895517087799735
2024-11-13,0.007832187010096952
2024-11-14,0.007389038851431143
2024-11-15,-0.005947112489278963
2024-11-18,-0.016697509234187925
2024-11-19,0.004691475874444368
2024-11-20,-0.001871007305724814
2024-11-21,0.013951331087552254
2024-11-22,-0.0019643830855722304
2024-11-25,-0.0027704029515351883
2024-11-26,0.006538963180899693
2024-11-27,0.00017565064477799864
2024-11-29,-0.002899115207811498
2024-12-02,-0.013169094033303963
2024-12-03,0.002203736035963485
2024-12-04,0.009040535719979242
2024-12-05,0.005437712721987306
2024-12-06,0.011134477592342075
2024-12-09,-0.0038389930301324466
2024-12-10,-0.01096326882683755
2024-12-11,0.012282993664622913
2024-12-12,-0.0018126953201426284
2024-12-13,0.0017613654750627808
2024-12-16,0.002149684072264585
2024-12-17,0.004812337677364996
2024-12-18,-0.019081482409339767
2024-12-19,-0.0019270374750040935
2024-12-20,-0.008398511476925257
2024-12-23,0.01414099911263476
2024-12-24,0.010076701628885965
2024-12-26,-0.007580898554480815
2024-12-27,-0.010608078994299126
2024-12-30,-0.0065105361021451915
2024-12-31,-0.009168948856328997
2025-01-02,0.0022481130064652133
2025-01-03,0.022251530576317256
2025-01-06,0.011653278376079322
2025-01-07,-0.020973874810224682
2025-01-08,-0.006172613526610915
2025-01-10,-0.002804827342365664
2025-01-13,0.0022928237780647787
2025-01-14,-0.008289895713856816
2025-01-15,0.021524454666970876
2025-01-16,-0.002118969705736681
2025-01-17,0.007274655596572069
2025-01-21,0.007433155975683947
2025-01-22,0.011209261806902718
2025-01-23,0.0020339280520762317
2025-01-24,-0.008062093301668329
2025-01-27,-0.028810126089781025
2025-01-28,0.01322124057603944
2025-01-29,-0.01265623655163863
2025-01-30,-0.00787696083689365
2025-01-31,-0.0034862933436518766
2025-02-03,0.01847505723967115
2025-02-04,-0.008437308441114934
2025-02-05,0.00620944091562936
2025-02-06,0.0024462396587553443
2025-02-07,0.006665876078884228
2025-02-10,-0.0007950247520205709
2025-02-11,0.014084176818876599
2025-02-12,-0.008414475544255265
2025-02-13,-0.017736530728770242
2025-02-14,-0.00526707068465245
2025-02-18,-0.002823079633246406
2025-02-19,-0.002976149023779129
2025-02-20,0.002793490703248044
2025-02-21,0.013888464369959348
2025-02-24,0.001205106124970638
2025-02-25,0.009882506908664898
2025-02-26,0.014055881114143333
2025-02-27,0.014026514469842117
2025-02-28,-0.009395243773621479
2025-03-03,0.00872292020866374
2025-03-04,-0.009588997896696113
2025-03-05,0.0037286747188472464
2025-03-06,0.003911016989351018
2025-03-07,-0.0016967619152935352
2025-03-10,0.018028084117108493
2025-03-11,-0.01140673258909989
2025-03-12,-0.022045822929009137
2025-03-13,-0.010456117880260405
2025-03-14,0.0010997885590499077
2025-03-17,0.006956232757462156
2025-03-18,0.012092005404985633
2025-03-19,-0.0072404513730933515
2025-03-20,-0.0008948711793534772
2025-03-21,0.0024294622383776257
2025-03-24,-0.012771761844247184
2025-03-25,0.004415242622559694
2025-03-26,0.01238599634742271
2025-03-27,0.004210495097222415
2025-03-28,-0.009164226959248066
2025-03-31,0.001915541034213228
2025-04-01,-0.019125275892039013
2025-04-02,-0.0028708344448837853
2025-04-03,-0.0061422217930723185
2025-04-04,-0.005105591574143179
2025-04-07,-0.007820409371201561
2025-04-08,0.0010413949194072458
2025-04-09,-0.016488880791065547
2025-04-10,-0.0020956211222749586
2025-04-11,0.019670477171271274
2025-04-14,0.005358303942641103
2025-04-15,-0.007286786527727388
2025-04-16,0.00790974956309437
2025-04-17,0.00363944921319113
2025-04-21,0.005308277648890191
2025-04-22,0.004214579010792731
2025-04-23,-0.0020913633441377146
2025-04-24,0.0030986596075585245
2025-04-25,-0.02006036634043323
2025-04-28,0.00036801729875440847
2025-04-29,-0.003996462233190001
2025-04-30,0.0025594198056604353
2025-05-01,0.009567876448578518
2025-05-02,0.005086881042190941
2025-05-05,0.006793193599554085
2025-05-06,-0.00037431474634606497
2025-05-07,-0.011622442929158984
2025-05-08,-0.000367651868986389
2025-05-09,-0.00978375568693233
2025-05-12,-0.015576376367994695
2025-05-13,-0.02612569458038379
2025-05-14,-0.006495183951617614
2025-05-15,0.006218764653466268
2025-05-16,0.005136893886980132
2025-05-19,0.007386539505163141
2025-05-20,-0.0002478082929212959
2025-05-21,0.006363870265631899
2025-05-22,-0.0011311207686240208
2025-05-23,0.0056047428136535475
2025-05-27,-0.007327780240538779
2025-05-28,-0.0022822562316321218
2025-05-29,-0.003749894026813434
2025-05-30,0.013298051143165474
2025-06-02,-0.007679776959120881
2025-06-03,0.009714737569798366
2025-06-04,-0.005960000014683533
2025-06-05,0.015147491514093909
2025-06-06,-0.012367549029477174
2025-06-09,-0.012665549269229396
2025-06-10,-0.008861226056334513
2025-06-11,-0.0029286332130694656
2025-06-12,0.005995541158869503
2025-06-13,-0.005532883762936961
2025-06-16,-0.007260703568129225
2025-06-17,0.0031456798292516797
2025-06-18,0.005654542137068119
2025-06-20,0.016064974673664724
2025-06-23,-0.010750422556308628
2025-06-24,0.0005113051941757305
2025-06-25,0.011888245615177427
2025-06-26,-0.011138411705536016
2025-06-27,-0.0049980911548000995
2025-06-30,0.012480751623540436
2025-07-01,0.007144658416060916
2025-07-02,-0.0058767976423570074
2025-07-03,-0.002110821769159202
2025-07-07,0.013231482826376557
2025-07-08,0.007982618246739459
2025-07-09,0.0007084149062297296
2025-07-10,-0.011765641942734793
2025-07-11,-0.01030238259370055
2025-07-14,-0.004255563775438045
2025-07-15,0.004900606966281105
2025-07-16,0.0057276744028486965
2025-07-17,-0.005090323728192255
2025-07-18,-0.006911755880656714
2025-07-21,-0.0022759166252887177
2025-07-22,-0.0009890293694772758
2025-07-23,0.0033810672872964798
2025-07-24,0.012478932783241544
2025-07-25,-0.008638061403157536
2025-07-28,-0.0023059590358331756
2025-07-29,-0.002855651193543825
2025-07-30,-0.0020410191112921377
2025-07-31,0.015782350408732663
2025-08-01,0.02170558095821878
2025-08-04,0.004002518973417134
2025-08-05,0.002460037293471069
2025-08-06,0.003756410264800982
2025-08-07,0.01162351931556967
2025-08-08,0.009166213973091844
2025-08-11,-0.005050315677645707
2025-08-12,-0.007283684556216104
2025-08-13,0.0019916866835275604
2025-08-14,-0.005161253114388808
2025-08-15,0.0035383602421221183
2025-08-18,0.002935444865189596
2025-08-19,0.006515984260104949
2025-08-20,0.004763955777461285
2025-08-21,-0.0020814446104621322
2025-08-22,-0.014099612152852789
2025-08-25,0.0005638548637572254
2025-08-26,-0.004031707695232904
2025-08-27,0.0015215321856272095
2025-08-28,-0.0005458012746250757
2025-08-29,0.009530041846330568
2025-09-02,0.002979677336655717
2025-09-03,0.021099668438328407
2025-09-04,-0.01095323445620729
2025-09-05,0.0102749503258643
2025-09-08,-0.0011925879456862378
2025-09-09,-0.009817040732755484
2025-09-10,-0.010308676221419562
2025-09-11,-0.002900741880369927
2025-09-12,-0.012123338813758433
2025-09-15,-0.004081526247573167
2025-09-16,-0.0057261231067115
2025-09-17,0.005005728453185235
2025-09-18,-0.006303635054462982
2025-09-19,-0.0007887365907263315
2025-09-22,0.0029050676160621465
2025-09-23,0.016767621870044786
2025-09-24,-0.01064955158490886
2025-09-25,0.015363007976885057
2025-09-26,-0.008477533574706802
2025-09-29,-0.007761994335276541
2025-09-30,-0.0002742216813537131
2025-10-01,0.0032251312562261805
2025-10-02,-0.0021384073585932004
2025-10-03,-0.010486676179270791
2025-10-06,0.014067347201616584
2025-10-07,-0.007664993160306443
2025-10-08,0.0028915057746528583
2025-10-09,-0.006540479329359564
2025-10-10,-0.017591016420411554
2025-10-13,0.011980758315428663
2025-10-14,0.01301710438294153
2025-10-15,0.009390133994372846
2025-10-16,-0.007639928049225253
2025-10-17,0.008238075686307245
2025-10-20,0.01334385541178677
2025-10-21,0.0033703623378942105
2025-10-22,-0.004242345723623698
2025-10-23,0.0059672678104263355
2025-10-24,-0.003087931225665492
2025-10-27,0.010007212633589408
2025-10-28,-0.0075864170022777256
2025-10-29,0.0002622512486780324
2025-10-30,-0.02326854824516446
2025-10-31,0.01626276315431609
2025-11-03,-0.012972486572974526
2025-11-04,0.012278009392936846
2025-11-05,-0.0021003545406845054
2025-11-06,0.0074969027376975035
2025-11-07,0.0029364448144963235
2025-11-10,-0.008707429681323303
2025-11-11,0.008038848374333588
2025-11-12,-0.004571338131096613
2025-11-13,0.017690593452244437
2025-11-14,0.001121964548636852
2025-11-17,0.001222649573260644
2025-11-18,0.0067084588792868565
2025-11-19,-0.010114934685357827
2025-11-20,0.01936631605813153
2025-11-21,0.005783120944692632
2025-11-24,-0.003576338788691162
2025-11-25,0.013113392779952993
2025-11-26,-0.003928679769496475
2025-11-28,0.0052867464139039946
2025-12-01,-0.002670504681184977
2025-12-02,0.002890887469094161
2025-12-03,-0.014243259784064228
2025-12-04,-0.005409972846678324
2025-12-05,0.004693058946152981
2025-12-08,0.003218834735585855
2025-12-09,0.0010829418197201468
2025-12-10,-0.004903050993912786
2025-12-11,-0.001332676332773194
2025-12-12,-0.0025458236245641435
2025-12-15,-0.006848119543683196
2025-12-16,-0.003538452235345324
2025-12-17,0.0067240282086258865
2025-12-18,-0.002332009336174389
2025-12-19,-0.006613767834118415
2025-12-22,-0.005518326359686705
2025-12-23,-0.0019773041107742926
2025-12-24,0.0011113348125487699
2025-12-26,0.00030539423272509414
2025-12-29,0.007558799600673533
2025-12-30,0.00441949787747122
2025-12-31,0.00030515173207205535
2026-01-02,-0.0005951627084803313
2026-01-05,-0.013711704947532119
2026-01-06,0.004865215723058091
2026-01-07,0.00613614893306641
2026-01-08,-0.015377400051518183
2026-01-09,-0.0069741010957274354
2026-01-12,-0.004869119479551523
2026-01-13,0.003106317637669757
2026-01-14,0.003214756237644334
2026-01-15,0.006994873941045495
2026-01-16,4.0841831502491546e-05
